{
  "S0": {
    "rps": [
      7594.0629,
      7597.0288,
      7562.8951,
      7578.8473,
      7572.7278
    ],
    "p50": [
      25.8,
      25.9,
      26.0,
      25.9,
      25.9
    ],
    "p90": [
      26.9,
      27.3,
      27.0,
      27.099999999999998,
      27.099999999999998
    ],
    "p95": [
      30.099999999999998,
      29.1,
      28.7,
      29.6,
      30.700000000000003
    ],
    "p99": [
      41.0,
      33.7,
      36.6,
      34.2,
      35.3
    ]
  },
  "S1": {
    "rps": [
      4293.8331,
      4268.1078,
      4218.7888,
      4266.3297,
      4216.9995
    ],
    "p50": [
      46.0,
      46.300000000000004,
      46.4,
      46.300000000000004,
      46.300000000000004
    ],
    "p90": [
      47.6,
      48.0,
      49.5,
      49.099999999999994,
      49.2
    ],
    "p95": [
      53.6,
      53.8,
      54.800000000000004,
      53.699999999999996,
      54.699999999999996
    ],
    "p99": [
      55.5,
      56.0,
      71.7,
      55.599999999999994,
      61.0
    ]
  },
  "S2": {
    "rps": [
      4165.0299,
      4164.97,
      4125.46,
      4181.6916,
      4123.8489
    ],
    "p50": [
      47.300000000000004,
      47.0,
      47.9,
      47.1,
      47.300000000000004
    ],
    "p90": [
      49.4,
      49.2,
      49.6,
      48.7,
      50.8
    ],
    "p95": [
      55.7,
      55.800000000000004,
      55.7,
      55.0,
      56.7
    ],
    "p99": [
      61.800000000000004,
      72.2,
      58.8,
      57.1,
      73.89999999999999
    ]
  },
  "S3": {
    "rps": [
      2233.4118,
      2211.7767,
      2236.0746,
      2228.3268,
      2219.0192
    ],
    "p50": [
      90.0,
      90.39999999999999,
      90.0,
      89.7,
      90.1
    ],
    "p90": [
      97.19999999999999,
      97.9,
      96.0,
      97.0,
      97.5
    ],
    "p95": [
      103.9,
      103.7,
      101.5,
      103.4,
      102.7
    ],
    "p99": [
      104.80000000000001,
      128.3,
      103.6,
      124.3,
      130.89999999999998
    ]
  },
  "S4": {
    "rps": [
      2159.3348,
      2129.7973,
      2131.7981,
      2169.0129,
      2145.3065
    ],
    "p50": [
      93.2,
      93.8,
      93.60000000000001,
      93.10000000000001,
      93.10000000000001
    ],
    "p90": [
      99.9,
      101.3,
      103.7,
      97.69999999999999,
      99.2
    ],
    "p95": [
      107.2,
      108.3,
      106.39999999999999,
      105.30000000000001,
      107.30000000000001
    ],
    "p99": [
      110.8,
      129.39999999999998,
      146.6,
      108.10000000000001,
      120.0
    ]
  },
  "S5": {
    "rps": [
      2405.4313,
      2424.9795,
      2362.8967,
      2395.3969,
      2375.8184
    ],
    "p50": [
      80.60000000000001,
      80.69999999999999,
      81.60000000000001,
      81.5,
      81.69999999999999
    ],
    "p90": [
      94.3,
      94.39999999999999,
      96.10000000000001,
      96.69999999999999,
      95.10000000000001
    ],
    "p95": [
      96.69999999999999,
      95.4,
      98.5,
      98.4,
      97.4
    ],
    "p99": [
      112.9,
      97.3,
      113.5,
      104.5,
      98.6
    ]
  }
}